{
  "time": 60.00000000000058,
  "collisions": 0,
  "near_misses": 5,
  "vehicles_exited": 10,
  "total_delay": 1274.84593765331
}