{
  "time": 4.999999999999998,
  "collisions": 0,
  "near_misses": 0,
  "vehicles_exited": 0,
  "total_delay": 12.774237497965089
}